{"cameraMode":{"drawMode":0,"name":"Shaded","section":"Shading Mode"},"sceneLighting":false,"audioPlay":false,"sceneViewState":{"m_AlwaysRefresh":false,"showFog":true,"showSkybox":false,"showFlares":true,"showImageEffects":true,"showParticleSystems":true,"showVisualEffectGraphs":true,"m_FxEnabled":true},"in2DMode":false,"pivot":{"x":10.216894149780274,"y":5.469449043273926,"z":-10.807668685913086},"rotation":{"x":0.09197244048118592,"y":0.5030259490013123,"z":-0.053921282291412356,"w":0.8577499389648438},"size":9.207120895385743,"orthographic":false}