{"cameraMode":{"drawMode":0,"name":"Shaded","section":"Shading Mode"},"sceneLighting":false,"audioPlay":false,"sceneViewState":{"m_AlwaysRefresh":false,"showFog":true,"showSkybox":false,"showFlares":true,"showImageEffects":true,"showParticleSystems":true,"showVisualEffectGraphs":true,"m_FxEnabled":true},"in2DMode":false,"pivot":{"x":4.9508185386657719,"y":9.564058303833008,"z":45.38468933105469},"rotation":{"x":0.18069340288639069,"y":-0.035291243344545367,"z":0.008181448094546795,"w":0.9832718968391419},"size":3.6192963123321535,"orthographic":false}