{"cameraMode":{"drawMode":0,"name":"Shaded","section":"Shading Mode"},"sceneLighting":false,"audioPlay":false,"sceneViewState":{"m_AlwaysRefresh":false,"showFog":true,"showSkybox":false,"showFlares":true,"showImageEffects":true,"showParticleSystems":true,"showVisualEffectGraphs":true,"m_FxEnabled":true},"in2DMode":false,"pivot":{"x":-32.825992584228519,"y":40.94878005981445,"z":72.66699981689453},"rotation":{"x":-0.0015133083797991276,"y":0.9526063799858093,"z":-0.3108658492565155,"w":-0.03293700888752937},"size":0.8660253882408142,"orthographic":false}