{"cameraMode":{"drawMode":0,"name":"Shaded","section":"Shading Mode"},"sceneLighting":false,"audioPlay":false,"sceneViewState":{"m_AlwaysRefresh":false,"showFog":true,"showSkybox":false,"showFlares":true,"showImageEffects":true,"showParticleSystems":true,"showVisualEffectGraphs":true,"m_FxEnabled":true},"in2DMode":false,"pivot":{"x":15.361451148986817,"y":15.264131546020508,"z":44.05986404418945},"rotation":{"x":0.18449869751930238,"y":-0.7984403967857361,"z":0.30552056431770327,"w":0.48570892214775088},"size":0.7104994654655457,"orthographic":false}