{"cameraMode":{"drawMode":0,"name":"Shaded","section":"Shading Mode"},"sceneLighting":false,"audioPlay":false,"sceneViewState":{"m_AlwaysRefresh":false,"showFog":true,"showSkybox":false,"showFlares":true,"showImageEffects":true,"showParticleSystems":true,"showVisualEffectGraphs":true,"m_FxEnabled":true},"in2DMode":false,"pivot":{"x":-2.9445278644561769,"y":2.3769311904907228,"z":-14.178200721740723},"rotation":{"x":0.27931466698646548,"y":-0.6135675311088562,"z":0.24595431983470918,"w":0.6965625286102295},"size":5.382152557373047,"orthographic":false}