{"cameraMode":{"drawMode":0,"name":"Shaded","section":"Shading Mode"},"sceneLighting":true,"audioPlay":false,"sceneViewState":{"m_AlwaysRefresh":false,"showFog":true,"showSkybox":true,"showFlares":true,"showImageEffects":true,"showParticleSystems":true,"showVisualEffectGraphs":true,"m_FxEnabled":true},"in2DMode":false,"pivot":{"x":-15.600531578063965,"y":-20.863548278808595,"z":13.893409729003907},"rotation":{"x":0.40282565355300906,"y":-0.4496166706085205,"z":0.23804442584514619,"w":0.7609051465988159},"size":27.204370498657228,"orthographic":false}