{"cameraMode":{"drawMode":0,"name":"Shaded","section":"Shading Mode"},"sceneLighting":true,"audioPlay":false,"sceneViewState":{"m_AlwaysRefresh":false,"showFog":true,"showSkybox":true,"showFlares":true,"showImageEffects":true,"showParticleSystems":true,"showVisualEffectGraphs":true,"m_FxEnabled":true},"in2DMode":false,"pivot":{"x":47.658878326416019,"y":34.03778839111328,"z":56.188758850097659},"rotation":{"x":0.02532135136425495,"y":-0.9888063073158264,"z":0.15466542541980744,"w":0.06920742988586426},"size":16.338775634765626,"orthographic":false}